experiment,epoch,kmeans_acc,linear_svm_acc,linear_svm_f1,poly_svm_acc,poly_svm_f1,rbf_svm_acc,rbf_svm_f1
30,8042,0.09914443885254152,0.13588324106693508,0.12290736917230517,0.23855057876195268,0.242374582274807,0.035228988424760944,0.017078689912128853
